bug_id,system,category,property,topology,trigger,witness,root_cause,impact,needs_wraparound,backend_status,repro,fix_hint,novelty
netchain_wraparound_bug,NetChain,wraparound,Replica monotonicity: s1_sequence_reg[0] >= s2_sequence_reg[0].,h1→s1; link s1→s2 (ALL).,"16-bit sequence_reg wraps 0xFFFF→0; follower uses raw seq "">"" compare and drops update.","- CONFIRM fast-forwards s1.sequence_reg[0] to 65535
- Pump pass executes maintain_sequence: 65535+1 wraps to 0 on s1
- s1 sends write; s2 checks hdr.nc_hdr.seq > meta.seq and rejects wrapped seq
- Assert fails: s1_sequence_reg[0]=0 < s2_sequence_reg[0]=65535","Procurator/argo/code/dataset/Netchain/netchain_16.p4:229-233 increments bit<16> seq (wraps).
Procurator/argo/code/dataset/Netchain/netchain_16.p4:338 uses raw hdr.seq > meta.seq.","Replicas diverge after overflow; stale state can persist on followers, violating sequence consistency.",yes,"opt 20260205-110853-2a15: entry/confirm UNSAFE, closure SAFE; base 20260205-111405-ee5a same.","./bin/procurator verify --spec Procurator/argo/code/spec/bench/netchain_wraparound_bug.prop --wraparound auto --wraparound-stage-order entry_confirm_closure --wraparound-max-targets 1 --wraparound-confirm-unroll 3
confirm witness: .tmp/procurator/verify/netchain_wraparound_bug/20260205-110853-2a15/wraparound/target.00.s1_sequence_reg/netchain_wraparound_bug.cegis.00.confirm.unroll3.bpl-witness.graphml",Use wraparound-safe seq comparison (serial-number arithmetic) or widen seq+epoch so overflow is ordered.,Certified wraparound bug: long-prefix counter flip + distributed replica ordering violation.
atp_bug,ATP,implementation,No-drop on aggregation path: isMyAppIDandMyCurrentSeq==1 ∧ isAggregate!=0 ⇒ need_send_out!=0.,Single switch s1 (host→s1).,Sender sets hdr.p4ml.agtr_time outside intended logical range; meta.agtr_time (8-bit reg) mismatches ⇒ need_send_out:=0.,"- Host injects ATP packet with bitmap=1, agtr_time=200, agtr_index=0
- Ingress marks isAggregate=1 and reads meta.agtr_time from 8-bit agtr_time register
- ProcessData gate (meta.agtr_time==hdr.agtr_time) fails ⇒ meta.need_send_out=0
- Assert fails with isMyAppIDandMyCurrentSeq=1, isAggregate!=0, need_send_out=0","Procurator/argo/code/dataset/ATP/p4src/atp/atp.p4:8 agtr_time is register<bit<8>>.
Procurator/argo/code/dataset/ATP/p4src/atp/data.p4:29-36 equality gate sets need_send_out=0.","Aggregated result can be dropped, causing indefinite aggregation / missing response to workers.",no,opt 20260205-123050-a4bb: UNSAFE; base 20260205-123229-c4a2: UNSAFE.,"./bin/procurator verify --spec Procurator/argo/code/spec/bench/atp_bug.prop --wraparound off
witness: .tmp/procurator/verify/atp_bug/20260205-123050-a4bb/atp_bug.bpl-witness.graphml",Validate/clamp hdr.p4ml.agtr_time or avoid strict equality against an 8-bit counter (use range/window semantics).,Protocol-field vs in-switch counter domain mismatch creates a functional drop on the “good” path.
atp_count_mismatch_bug,ATP,functional,After 2 injected ATP packets: bitmap[0] == 3 (monotone union of bits).,Single switch s1 (host→s1).,"Resend path clears bitmap register to 0 and never writes resent bitmap back, losing progress.","- pkt1 (normal): bitmap=1 updates bitmap[0] to include bit 0x1
- pkt2 (resend): bitmap=2 enters isResend path for same agtr_index
- Resend path writes bitmap[0]:=0 and reads back 0 (no OR with hdr bitmap)
- After 2 packets, bitmap[0]!=3 ⇒ assert fails","Procurator/argo/code/dataset/ATP/p4src/atp/atp.p4:173-177 bitmap.write(...,0) then reads back 0.
Missing writeback of (old|resent) bitmap in resend branch.",Packet loss/retry can permanently erase aggregation progress; completion/count invariants break.,no,opt 20260205-123433-755d: UNSAFE; base 20260205-123715-782a: UNSAFE.,"./bin/procurator verify --spec Procurator/argo/code/spec/bench/atp_count_mismatch_bug.prop --wraparound off --use-spec-max-steps
witness: .tmp/procurator/verify/atp_count_mismatch_bug/20260205-123433-755d/atp_count_mismatch_bug.bpl-witness.graphml","In resend path, restore monotonicity: write bitmap := (read_reg_bitmap | hdr.bitmap) (not 0).",State-loss bug in resend corner case; functional monotonicity across packets is violated.
distcache_leaf_pktloss_clone_drop_bug,DistCache,functional,Pktloss clone state: injected NETCACHE_GETREQ_POP retry must end pass with leaf_drop==true (drop+clone).,Single leaf switch (host→leaf).,"clonenum_for_pktloss>0 selects forward_netcache_getreq_pop_clone_for_pktloss_and_getreq, which clones but never mark_to_drop().","- Host injects NETCACHE_GETREQ_POP with clone_hdr.clonenum_for_pktloss=1 and server_sid=20
- Egress selects forward_netcache_getreq_pop_clone_for_pktloss_and_getreq
- Action decrements clonenum and clones to switchos, but does not disable unicast
- leaf_drop remains false ⇒ assert fails",Procurator/argo/code/dataset/distcache/leafswitch/p4src/egress_mat.p4:241-246 forward_* clones without mark_to_drop().,Pktloss-tolerance state machine violates “drop+clone” semantics; can cause unintended unicast/duplicates.,no,run 20260205-165526-c763: UNSAFE (witness); base also UNSAFE per E2E table.,"./bin/procurator verify --spec Procurator/argo/code/spec/bench/distcache_leaf_pktloss_clone_drop_bug.prop --wraparound off
witness: .tmp/procurator/verify/distcache_leaf_pktloss_clone_drop_bug/20260205-165526-c763/distcache_leaf_pktloss_clone_drop_bug.bpl-witness.graphml",Add mark_to_drop(standard_metadata) in forward_* pktloss clone action to enforce drop+clone loop.,Mismatch between documented pktloss retry loop and actual clone/drop composition.
distcache_cm34_write_bug,DistCache,implementation,After one leaf pass: cm3_reg__wrote_any && cm4_reg__wrote_any.,Single leaf switch (host→leaf).,Hotness update path executes update_cm3/update_cm4 but writes are miswired to cm1_reg.,"- Host injects packet hitting access_cm3_tbl/access_cm4_tbl (hashval_for_cm3=0, hashval_for_cm4=0)
- Egress runs update_cm3/update_cm4 actions
- Instrumentation shows cm3_reg__wrote_any=false and _any=false
- Assert fails because CM3/CM4 were never written",Procurator/argo/code/dataset/distcache/leafswitch/p4src/regs/cm.p4:78 and :107 write to cm1_reg (copy/paste).,"Count-Min Sketch buckets corrupted; cm3/cm4 never updated, breaking hot-key detection logic.",no,run 20260205-170327-2bbb: UNSAFE (witness); base also UNSAFE per E2E table.,"./bin/procurator verify --spec Procurator/argo/code/spec/bench/distcache_cm34_write_bug.prop --wraparound off
witness: .tmp/procurator/verify/distcache_cm34_write_bug/20260205-170327-2bbb/distcache_cm34_write_bug.bpl-witness.graphml",Write cm3_res to cm3_reg and cm4_res to cm4_reg (not cm1_reg).,Register wiring bug caught via Boogie write-instrumentation (wrote_any flags).
distcache_spine_cache_frequency_idx_bug,DistCache,implementation,Cached GETREQ_SPINE must update cache_frequency_reg at cache_lookup index (idx=7): reg[7] != 0.,Single spine switch (external_input).,"GETREQ_SPINE carries no inswitch_hdr; hdr.inswitch_hdr.idx pinned 0, but egress update uses hdr_eg.inswitch_hdr.idx instead of meta.idx.","- Inject GETREQ_SPINE for cached key (entries map key→idx=7, is_cached=1)
- Assume hdr.inswitch_hdr.idx=0 (no inswitch header parsed)
- update_cache_frequency indexes by hdr_eg.inswitch_hdr.idx, so reg[7] stays 0
- Assert (is_cached ⇒ reg[7]!=0) fails","Procurator/argo/code/dataset/distcache/spineswitch/p4src/regs/cache_frequency.p4:10-13 uses hdr_eg.inswitch_hdr.idx.
Spec expects using ingress cache_lookup result meta.idx.",Cache-frequency statistics update wrong slot; can misdrive cache admission/eviction decisions.,no,opt: UNSAFE (run 20260205-180558-efdd); base (no-slicing/no-env-prune): TIMEOUT in E2E table.,"./bin/procurator verify --spec Procurator/argo/code/spec/bench/distcache_spine_cache_frequency_idx_bug.prop --wraparound off
witness: .tmp/procurator/verify/distcache_spine_cache_frequency_idx_bug/20260205-180558-efdd/distcache_spine_cache_frequency_idx_bug.bpl-witness.graphml",Index cache_frequency_reg by meta.idx (lookup result) or ensure inswitch_hdr.idx is always populated for GETREQ_SPINE.,Parser shape mismatch (missing header) becomes a stateful index-source bug.
distcache_p2c_spineload_wraparound_bug,DistCache,wraparound,"After spineload overflow (spineload==0) and leafload!=0, P2C query must choose leaf (is_spine==0).",Single clientTrack switch (host→clientTrack).,spineload_reg wraps MAX→0; poweroftwochoice uses raw leafload>spineload compare and flips decision.,"- CONFIRM fast-forwards spineload_reg[3] to 0xFFFFFFFF (MAX)
- Pump packet update_spine_load increments MAX→0 at index 3
- Suffix makes leafload_reg[2]>0 then runs poweroftwochoice query
- Decision sets is_spine=1 while spineload==0 ⇒ assert fails","Procurator/argo/code/dataset/distcache/clientrackswitch/p4src/regs/load.p4:13-22 poweroftwochoice compares wrapping 32-bit counters with "">"".",Wrong load-balancing choice after counter flip; can route traffic to overloaded spine.,yes,"opt 20260205-114911-86b6: entry/confirm UNSAFE, closure SAFE; base 20260205-115611-3a6b same.","./bin/procurator verify --spec Procurator/argo/code/spec/bench/distcache_p2c_spineload_wraparound_bug.prop --wraparound auto --wraparound-stage-order entry_confirm_closure --wraparound-max-targets 1 --wraparound-confirm-unroll 3
confirm witness: .tmp/procurator/verify/distcache_p2c_spineload_wraparound_bug/20260205-114911-86b6/wraparound/target.00.clientTrack_partitionswitchIngress_spineload_reg/distcache_p2c_spineload_wraparound_bug.cegis.00.confirm.unroll3.bpl-witness.graphml",Use saturating/wider counters or wraparound-aware comparison (treat 0 after overflow as very large).,Wraparound-certified P2C bug: correctness depends on long-prefix overflow reachability + modular ordering.
distcache_p2c_wraparound_bug,DistCache,wraparound,"After leafload overflow (leafload==0), P2C query must choose spine (is_spine==1).",Single clientTrack switch (host→clientTrack).,leafload_reg wraps MAX→0; raw compare makes leaf appear lightly loaded and selects leaf.,"- CONFIRM fast-forwards leafload_reg[2] to 0xFFFFFFFF (MAX)
- Pump packet update_leaf_load increments MAX→0 at index 2
- Next packet runs poweroftwochoice query on leafload==0
- Decision sets is_spine=0 while leafload overflowed ⇒ assert fails",Procurator/argo/code/dataset/distcache/clientrackswitch/p4src/regs/load.p4:16 raw leafload > spineload on 32-bit counters (no wrap handling).,Wrong load-balancing choice after overflow; can steer traffic to overloaded leaf.,yes,"opt 20260205-120106-6751: entry/confirm UNSAFE, closure SAFE; base 20260205-120508-f273 same.","./bin/procurator verify --spec Procurator/argo/code/spec/bench/distcache_p2c_wraparound_bug.prop --wraparound auto --wraparound-stage-order entry_confirm_closure --wraparound-max-targets 1 --wraparound-confirm-unroll 3
confirm witness: .tmp/procurator/verify/distcache_p2c_wraparound_bug/20260205-120106-6751/wraparound/target.00.clientTrack_partitionswitchIngress_leafload_reg/distcache_p2c_wraparound_bug.cegis.00.confirm.unroll3.bpl-witness.graphml",Use saturating/wider counters or wraparound-aware comparison for P2C decision.,"Same P2C comparator bug as above, but exposed via leafload wrap; needs closure certificate for sound fast-forward."
fisslock_notification_cnt_wraparound_bug,FissLock,wraparound,"After notification_cnt overflows to 0, TRANSFER with stale ncnt==0 must not set transferred==1.",Single switch sw (host→sw).,"notification_cnt is bit<8>; wrap makes stale hdr.lock.ncnt==0 indistinguishable, allowing premature TRANSFER.","- CONFIRM fast-forwards notification_cnt_1[0] to 255
- Pump ACQUIRE increments counter 255→0 (wrap)
- TRANSFER packet executes cmp_ncnt with hdr.lock.ncnt=0 and treats it as match
- hdr.lock.transferred becomes 1 while cnt==0 ⇒ assert fails","Procurator/argo/code/dataset/fisslock/p4/counter.p4:5 notification_cnt_1 is Register<bit<8>>.
Procurator/argo/code/dataset/fisslock/p4/counter.p4:21-26 compares value==hdr.lock.ncnt and resets to 0.","Agent can transfer prematurely with in-flight packets, breaking lock safety and stranding state.",yes,"opt 20260205-120946-5eb6: entry/confirm UNSAFE, closure SAFE; base 20260205-121903-c432 same.","./bin/procurator verify --spec Procurator/argo/code/spec/bench/fisslock_notification_cnt_wraparound_bug.prop --wraparound auto --wraparound-stage-order entry_confirm_closure --wraparound-max-targets 1 --wraparound-confirm-unroll 3
confirm witness: .tmp/procurator/verify/fisslock_notification_cnt_wraparound_bug/20260205-120946-5eb6/wraparound/target.00.sw_IngressPipe_CounterTable_1_notification_cnt_1/fisslock_notification_cnt_wraparound_bug.cegis.00.confirm.unroll3.bpl-witness.graphml",Widen counter or add epoch; avoid treating 0 as safe equality after wrap (use additional monotone state).,Small-width counter used as safety guard; wraparound makes stale values “look fresh”.
ddosd_window_label_collision_bug,DDOSD,implementation,Window label collision: src_cs1[0] must not exceed 1 after one packet (stale cell should reset).,Single switch s1 (host→s1).,ow_counter low8 collides (current_ow[7:0]) so stale src_cs1_ow label matches and reset is skipped.,"- Control plane seeds ow_counter=256 (label 0) and stale src_cs1[0]=1 with src_cs1_ow[0]=0
- Host injects packet hashing to row index 0 (src_addr=2 in det-hash mode)
- Ingress sees src_cs1_ow_aux == current_ow[7:0], so reads stale src_cs1=1 and increments to 2
- Assert fails with s1_ingress_src_cs1[0]=2",Procurator/argo/code/dataset/DDOSD/src/ddosd.p4:204-213 stores per-cell ow as bit<8> and compares to current_ow[7:0].,"Stale CountSketch counters persist across windows, corrupting frequency estimates and detection decisions.",no,run 20260204-002123-0e3d: UNSAFE (witness).,"./bin/procurator verify --spec Procurator/argo/code/spec/bench/ddosd_window_label_collision_bug.prop --wraparound off
witness: .tmp/procurator/verify/ddosd_window_label_collision_bug/20260204-002123-0e3d/ddosd_window_label_collision_bug.bpl-witness.graphml","Store a larger window label (or full counter) per cell, or add epoch bits to avoid 8-bit collisions.",Approximate DS bug: window label truncation causes silent cross-window state leakage.
frr_bug1_unexpected_mirror,FRR,implementation,No loopback: egress_port != ingress_port.,Single switch s1 (external_input).,Seed pkt_curr/pkt_par so ingress_port is neither; ctrl_set_bfs_metadata marks failure_visit and ingress applies send_in.,"- Seed: pkt_curr=2, pkt_par=3 (inst=0); inject bfs_start=1 packet on ingress_port=1
- ctrl_set_bfs_metadata takes curr_par_neq_in and sets failure_visit=1
- Ingress sees failure_visit==1 and applies send_in (egress_spec := ingress_port)
- Assert fails with egress_port==ingress_port","Procurator/argo/code/dataset/FRR/main.p4:154-158 sets failure_visit via curr_par_neq_in.
Procurator/argo/code/dataset/FRR/main.p4:272-275 send_in sets egress_spec=ingress_port.","Packets can be mirrored back unexpectedly, risking loops and incorrect failure-handling behavior.",no,run 20260204-005417-a972: UNSAFE (witness).,"./bin/procurator verify --spec Procurator/argo/code/spec/bench/frr_bug1_unexpected_mirror.prop --wraparound off --use-spec-max-steps
witness: .tmp/procurator/verify/frr_bug1_unexpected_mirror/20260204-005417-a972/frr_bug1_unexpected_mirror.bpl-witness.graphml",Guard send_in on real failure conditions or drop; avoid reflecting to ingress for non-failure traffic.,Failure-visit control path can induce self-looping forwarding when state is seeded/desynced.
frr_bug2_state_inconsistency,FRR,interleaving,"Internal invariant: out_port∈{0,1,2,3,4} ∨ out_port==pkt_par (mirrors in-program @assert).",Single switch s1 (external_input).,"Failure_visit path can reach @assert with out_port left unconstrained/stale, producing out_port=6 while pkt_par=0.","- Inject bfs_start=1 packet (inst=0) within ingress_port domain {0..4}
- VAL shows failure_visit=1 with out_port=6 and pkt_par=0 before the check
- ctrl_set_bfs_metadata reaches the assertion point without bounding out_port
- Global assert fails and sets procurator_bad=true","Procurator/argo/code/dataset/FRR/main.p4:94-97 set_out_to_ingress is a no-op on out_port but sets failure_visit.
Procurator/argo/code/dataset/FRR/main.p4:246 @assert checks out_port bounds.",State machine invariants break; forwarding decisions may use out-of-range ports under certain states/interleavings.,no,"run 20260204-020747-5d21: UNSAFE (witness; out_port=6, pkt_par=0).","./bin/procurator verify --spec Procurator/argo/code/spec/bench/frr_bug2_state_inconsistency.prop --wraparound off --use-spec-max-steps
witness: .tmp/procurator/verify/frr_bug2_state_inconsistency/20260204-020747-5d21/frr_bug2_state_inconsistency.bpl-witness.graphml",Initialize out_port on failure_visit and enforce bounds before the @assert; remove out_port self-assignment.,Metadata initialization hole manifests as an interleaving/stateful invariant violation.
p4nis_bug1_forwarding_sequence_desync,P4NIS,interleaving,"User packets must be forwarded: ingress_port=0 ⇒ egress_spec ∈ {1,2,3}.",Single switch s1 (external_input).,"Seed count=3; forwarding logic only handles temp==0/1/2, so no branch sets egress_spec and @assert fails.","- Seed register count[0]=3 and inject user packet (ingress_port=0) reaching main branch
- do_read_count reads temp=3
- No if(temp==0/1/2) branch executes; egress_spec stays 0
- Assert fails (egress_spec not in {1,2,3})",Procurator/argo/code/dataset/P4NIS/P4NIS.p4:263-281 has three ifs for temp==0/1/2 and no else/default recovery.,Packets can be blackholed when the round-robin state desynchronizes/corrupts (no forwarding decision made).,no,run 20260204-005946-e8aa: UNSAFE (witness).,"./bin/procurator verify --spec Procurator/argo/code/spec/bench/p4nis_bug1_forwarding_sequence_desync.prop --wraparound off --use-spec-max-steps
witness: .tmp/procurator/verify/p4nis_bug1_forwarding_sequence_desync/20260204-005946-e8aa/p4nis_bug1_forwarding_sequence_desync.bpl-witness.graphml",Clamp/normalize count (mod 3) and use else-if chain with a default forwarding branch.,Stateful round-robin counter lacks invariant repair; in-program @assert becomes externally triggerable.
p4nis_bug2_tunnel_state_leakage,P4NIS,functional,When tunneling to egress_spec=2: outer ipv4_tunnel.srcAddr != inner ipv4.srcAddr.,Single switch s1 (external_input).,"Tunnel action creatmytunnel copies inner ipv4.srcAddr into ipv4_tunnel.srcAddr, leaking client identity.","- Inject user packet with ipv4.srcAddr=16843009 and conditions forcing tunnel path
- Ingress selects egress_spec=2 and runs creatmytunnel()
- Action sets ipv4_tunnel.srcAddr = ipv4.srcAddr
- Assert fails with outer.srcAddr == inner.srcAddr",Procurator/argo/code/dataset/P4NIS/P4NIS.p4:218 assigns hdr.ipv4_tunnel.srcAddr = hdr.ipv4.srcAddr.,Encapsulation leaks inner source into outer header; breaks tunnel endpoint semantics and policy isolation.,no,run 20260204-014939-39bd: UNSAFE (witness).,"./bin/procurator verify --spec Procurator/argo/code/spec/bench/p4nis_bug2_tunnel_state_leakage.prop --wraparound off --use-spec-max-steps
witness: .tmp/procurator/verify/p4nis_bug2_tunnel_state_leakage/20260204-014939-39bd/p4nis_bug2_tunnel_state_leakage.bpl-witness.graphml","Set outer srcAddr to a tunnel endpoint (switch/router), not the inner packet’s source.",Simple header-construction bug with direct confidentiality/identity impact.
gecko_bug1_timer_loss,Gecko,functional,Bounded waiting: !(pending==1 && steps>3) after a write becomes pending.,io→ta; link ta→tb (ALL).,"Timer packets are required to clear pending writes; if timer tick/clear is absent or blocked, pending never clears while time advances.","- phase0 injects write op=10 ⇒ pending=1, steps reset to 0
- subsequent injections are tick op=0; pending stays 1 and steps increments each pass
- after 4 ticks, steps=4 while pending==1
- Assert fails (pending stalled beyond bound)","Procurator/argo/code/dataset/gecko/timer_a.p4:720-734 timer progress depends on op=100/101 packets.
Procurator/argo/code/dataset/gecko/timer_a.p4:701-713 can mirror op=100 to master (default), risking loss/blockage.",Pending writes can stall indefinitely if timer traffic is lost/blocked; progress assumption is violated.,no,run 20260203-072845-8b33: UNSAFE (wraparound auto had no targets).,"./bin/procurator verify --spec Procurator/argo/code/spec/bench/gecko_bug1_timer_loss.prop --wraparound off --use-spec-max-steps
witness: .tmp/procurator/verify/gecko_bug1_timer_loss/20260203-072845-8b33/gecko_bug1_timer_loss.bpl-witness.graphml",Make timer ticks reliable (recirc/priority) or add fallback to clear/reevaluate pending without timer packets.,Liveness-as-safety encoding: boundary loss of timer control traffic breaks bounded progress.
gecko_bug2_concurrency,Gecko,interleaving,"Concurrency handling: after a timer tick, no extra pending writes should remain (bad==0 in spec).",io→ta; link ta→tb (ALL).,"Two writes arrive before a timer tick; timer update only reduces pending by one, leaving another pending and setting bad=1.","- Inject write op=10 ⇒ pending=1
- Inject second write op=10 ⇒ pending=2
- Inject timer op=100 ⇒ pending decremented once, pending still >0 ⇒ bad=1
- Assert fails with bad==1","Procurator/argo/code/spec/bench/gecko_bug2_concurrency.prop models timer tick servicing only one pending write.
Timer logic is driven by op=100/101 control flow (Procurator/argo/code/dataset/gecko/timer_a.p4:720-734).",Timer service rate insufficient for write bursts; backlog remains and can violate expected concurrency semantics.,no,run 20260203-213038-c121: UNSAFE (witness).,"./bin/procurator verify --spec Procurator/argo/code/spec/bench/gecko_bug2_concurrency.prop --wraparound off --use-spec-max-steps
witness: .tmp/procurator/verify/gecko_bug2_concurrency/20260203-213038-c121/gecko_bug2_concurrency.bpl-witness.graphml",Process multiple pending writes per tick (loop/drain) or schedule additional timer ticks until pending clears.,Interleaving bug: bursts before control tick expose limited concurrency handling in timer-driven logic.
gecko_bug3_timer_init,Gecko,implementation,Initialization: a write must not occur while timer_active==0 (bad==0 in spec).,io→ta; link ta→tb (ALL).,First packet is a write (op=10) before any timer packet (op=100) activates timer; spec flags violation.,"- phase0 injects write op=10 with no prior timer tick
- Node ta keeps timer_active==0 and sets bad=1 on write-before-timer
- Later timer op=100 arrives, but bad already latched
- Assert fails with bad==1","Procurator/argo/code/spec/bench/gecko_bug3_timer_init.prop marks write-before-timer as unsafe.
Timer activation is tied to op=100 handling (Procurator/argo/code/dataset/gecko/timer_a.p4:720-734).","Startup ordering hole: writes can be processed before time base/timer state is initialized, risking inconsistent timeouts.",no,run 20260203-212707-8618: UNSAFE (witness).,"./bin/procurator verify --spec Procurator/argo/code/spec/bench/gecko_bug3_timer_init.prop --wraparound off --use-spec-max-steps
witness: .tmp/procurator/verify/gecko_bug3_timer_init/20260203-212707-8618/gecko_bug3_timer_init.bpl-witness.graphml",Initialize timer at boot or on first write; drop/queue writes until timer_active is set.,Initialization bug captured as a simple safety check; highlights control/data-plane ordering dependency.
p4xos_bug,P4xos,implementation,"Register access safety (Promela LTL): acceptor{0,1,2} hdr.paxos.inst < 300.",Leader+3 acceptors ext-input under --env max; learner passive (no links).,"Max-env allows paxos.inst to exceed intended bound; acceptors accept packet with inst>=300, violating property.","- Under --env max, an acceptor receives a Paxos packet with inst==300
- No input validation constrains inst to <300
- Property check evaluates inst < 300 as false
- Assert fails (UNSAFE witness)","Procurator/argo/code/dataset/P4xos/includes/header.p4:81 inst is bit<32>.
Procurator/argo/code/dataset/P4xos/acceptor.p4:20-36 uses hdr.paxos.inst in register ops without bounds check.",Out-of-policy instance IDs can drive undefined/unsafe stateful access and violate bounded-instance assumptions.,no,"run 20260203-214526-8ca6: UNSAFE (witness, --env max).","./bin/procurator verify --spec Procurator/argo/code/spec/bench/p4xos_bug.prop --env max --wraparound off
witness: .tmp/procurator/verify/p4xos_bug/20260203-214526-8ca6/p4xos_bug.bpl-witness.graphml",Validate/drop packets with inst beyond configured range; narrow inst width or clamp before register access.,Max-env quickly exposes missing input validation on a stateful index field.
p4xos_dropflag_bug,P4xos,implementation,"Majority delivery requires set_drop==0 when ack_acceptors∈{3,5,6}.",Single learner node (host→learner).,"read_round sets set_drop=1 and it is never cleared before transport_tbl at quorum, so learner drops decided value.","- Inject 2B vote (inst0,rnd0) with acptid=0 ⇒ ack_acceptors bit0 set
- Inject 2B vote with acptid=1 ⇒ ack_acceptors becomes 3 (0b011, majority)
- read_round sets set_drop=1 and transport_tbl is keyed on set_drop
- At majority, set_drop remains 1 ⇒ assert fails","Procurator/argo/code/dataset/P4xos/learner.p4:17 sets meta.paxos_metadata.set_drop=1.
Procurator/argo/code/dataset/P4xos/learner.p4:85-90 triggers transport_tbl without clearing set_drop.",Learner never forwards decided value even with quorum; Paxos safety/liveness violated.,no,run 20260203-214823-8a73: UNSAFE (witness).,"./bin/procurator verify --spec Procurator/argo/code/spec/bench/p4xos_dropflag_bug.prop --wraparound off --use-spec-max-steps
witness: .tmp/procurator/verify/p4xos_dropflag_bug/20260203-214823-8a73/p4xos_dropflag_bug.bpl-witness.graphml",Set set_drop:=0 before applying transport_tbl on quorum (or invert key semantics).,Role-local flag bug blocks quorum delivery; easy to isolate with a 2-packet witness.
p4xos_majority_quorum_bug,P4xos,interleaving,After reset_epoch>=1: majority bitmask for inst0 ⇒ seen ≥2 distinct acceptor votes in this epoch.,Single learner_fixed node (host→learner).,"Ack bitmask stored only by inst; when leader resets inst back to 0, stale ack bits cause fake quorum with only one new vote.","- Epoch0: inst0 votes from acpt0 then acpt2 ⇒ registerHistory2B[0]=0b101
- Advance to inst1 (state for inst0 becomes stale w.r.t new epoch)
- Epoch1 reset: inst0 receives only acpt0 vote (vote_cnt=1)
- Learner reads stale 0b101 and treats it as majority ⇒ assert fails","Procurator/argo/code/dataset/P4xos/learner_fixed.p4:19/29 reads registerHistory2B by inst only.
No clearing on inst reuse; stale bits persist across epochs/resets.","Learner may act on a “majority” without current-epoch quorum, violating protocol safety.",no,run 20260203-214956-0cca: UNSAFE (witness).,"./bin/procurator verify --spec Procurator/argo/code/spec/bench/p4xos_majority_quorum_bug.prop --wraparound off --use-spec-max-steps
witness: .tmp/procurator/verify/p4xos_majority_quorum_bug/20260203-214956-0cca/p4xos_majority_quorum_bug.bpl-witness.graphml","Key history by (inst,epoch/round) or clear history on inst reset; compute quorum from current-round votes only.",Cross-epoch stale state + instance reuse yields phantom quorum (NSDI Fig.9 style bug).
cheetah_slot_index_collision_bug,Cheetah,implementation,SYN cookie allocation: tsecr_lsb (slot index) < STATEFUL_SIZE (10).,Single switch s1 (external_input).,Free-index pool is pre-exhausted (free_indices[*]=0xffff); SYN pops sentinel and uses it as cookie index.,"- Control plane seeds free_indices entries to 65535 (0xffff) and pop_index=0
- Inject SYN to VIP (srcPort=10) to allocate a new connection cookie
- Pop reads free_index_value=65535 and assigns hdr.timestamp.tsecr_lsb=65535
- Assert fails because cookie >= 10","Procurator/argo/code/dataset/Cheetah/cheetah-stateful.p4:147-158 uses free_index_value without exhaustion guard.
Sentinel 0xffff is written back and can be reused as a slot index.",Cookie/index out of range breaks per-connection mapping; subsequent packets may be dropped or misrouted.,no,run 20260204-020924-0471: UNSAFE (witness).,"./bin/procurator verify --spec Procurator/argo/code/spec/bench/cheetah_slot_index_collision_bug.prop --wraparound off --use-spec-max-steps
witness: .tmp/procurator/verify/cheetah_slot_index_collision_bug/20260204-020924-0471/cheetah_slot_index_collision_bug.bpl-witness.graphml",Detect 0xffff sentinel / pool exhaustion and drop or recycle safely; add push/pop overlap check.,Stateful allocator exhaustion turns a sentinel into a live cookie (slot index collision).
netlock_pkt_type_bug,NetLock,implementation,"pkt_type soundness: sw_ig_md.pkt_type ∈ {PKT_TYPE_NORMAL(0), PKT_TYPE_MIRROR(1)}.",Single switch sw (host→sw).,"Ingress deparser always emits mirror_hdr using ig_md.pkt_type, but normal path does not initialize pkt_type.","- Inject a normal NetLock ACQUIRE packet (recirc_flag=0) for lock 0
- Ingress deparser emits mirror_hdr with ig_md.pkt_type (unconditionally)
- pkt_type remains outside {0,1} due to missing initialization on normal path
- Assert fails on pkt_type domain","Procurator/argo/code/dataset/NetLock/switch/p4/parser.p4:88 always mirror.emit(... ig_md.pkt_type ...).
Procurator/argo/code/dataset/NetLock/switch/p4/ingress.p4:643-645 normal pkt_type init is commented out.","Egress parser can take wrong branch/reject, causing misparse or drops; mirror/bridged metadata contract breaks.",no,run 20260204-172803-2f72: UNSAFE (witness).,"./bin/procurator verify --spec Procurator/argo/code/spec/bench/netlock_pkt_type_bug.prop --wraparound off
witness: .tmp/procurator/verify/netlock_pkt_type_bug/20260204-172803-2f72/netlock_pkt_type_bug.bpl-witness.graphml",Initialize ig_md.pkt_type on all paths and only emit mirror_hdr when mirror_type indicates a mirror.,Cross-stage parse/deparse mismatch: uninitialized metadata becomes an externally observable parser-domain bug.
netlock_pushback_length_in_server_underflow_bug,NetLock,implementation,Robustness: spurious PUSH_BACK at length_in_server==0 must not change slots_two_sides_register[0] (stays 0).,Single switch sw (host→sw).,"push_back_alu decrements value.hi (length_in_server) unconditionally, causing 0→2^32-1 underflow.","- Initial packed slots_two_sides_register[0]=(empty_slots=0,length_in_server=0)
- Inject PUSH_BACK_LOCK for lock 0
- push_back_alu executes value.hi := value.hi - 1 with value.hi==0
- Assert fails: packed value becomes 4294967295 (0xFFFFFFFF)",Procurator/argo/code/dataset/NetLock/switch/p4/ingress.p4:111-119 push_back_alu decrements value.hi without guard.,Server-queue length counter corrupts; subsequent lock operations can misbehave due to poisoned queue state.,no,run 20260204-174026-9854: UNSAFE (witness; 1-step underflow).,"./bin/procurator verify --spec Procurator/argo/code/spec/bench/netlock_pushback_length_in_server_underflow_bug.prop --wraparound off --max-steps 3 --no-slicing-control-seeds
witness: .tmp/procurator/verify/netlock_pushback_length_in_server_underflow_bug/20260204-174026-9854/netlock_pushback_length_in_server_underflow_bug.bpl-witness.graphml",Guard decrement with length_in_server>0 (or clamp at 0); treat spurious PUSH_BACK as no-op.,Bitvector underflow in robustness corner case; reproduces in a single step (no wraparound pipeline).
netlock_release_counter_underflow_bug,NetLock,implementation,Spurious RELEASE must not underflow shared/exclusive counters: shared_and_exclusive_count_register[0] stays 0.,Single switch sw (host→sw).,"ReleaseLock.update_lock_alu decrements counter fields without checking non-zero, so 0→2^32-1 underflow.","- Initial shared_and_exclusive_count_register[0]=0 (fresh lock)
- Inject RELEASE_LOCK (exclusive mode) for lock 0
- update_lock_alu executes value.lo := value.lo - 1 with value.lo==0
- Assert fails: counter register becomes non-zero wrapped value",Procurator/argo/code/dataset/NetLock/switch/p4/ingress.p4:549-553 update_lock_alu decrements without nonzero guard.,Lock counters poisoned; future acquires may see phantom holders and violate mutual exclusion semantics.,no,run 20260204-174507-bcd9: UNSAFE (witness; 1-step underflow).,"./bin/procurator verify --spec Procurator/argo/code/spec/bench/netlock_release_counter_underflow_bug.prop --wraparound off --max-steps 3 --no-slicing-control-seeds
witness: .tmp/procurator/verify/netlock_release_counter_underflow_bug/20260204-174507-bcd9/netlock_release_counter_underflow_bug.bpl-witness.graphml",Guard decrements (counter>0) or drop duplicate RELEASE; keep counters in [0..] by clamping.,Packed counter underflow reachable with a single spurious message; shows missing defensive checks.
netlock_release_empty_queue_head_bug,NetLock,functional,"Empty-queue RELEASE must not advance head pointer: after first RELEASE, head_register[0] == 0.",Single switch sw (host→sw).,ReleaseLock.apply calls update_head_table unconditionally even when empty_slots_before_pop == size_of_queue.,"- Start from empty switch queue (empty_slots == size) and head_register[0]=0
- Inject RELEASE_LOCK for lock 0
- update_head_table.apply() runs despite empty queue and increments head to 1
- Assert fails with head_register[0]=1",Procurator/argo/code/dataset/NetLock/switch/p4/ingress.p4:968-975 unconditional update_head_table.apply() (guard is commented out).,Queue head pointer corruption; later dequeues/notifications can target wrong slots/clients.,no,run 20260204-174902-8b57: UNSAFE (witness).,"./bin/procurator verify --spec Procurator/argo/code/spec/bench/netlock_release_empty_queue_head_bug.prop --wraparound off --max-steps 3 --no-slicing-control-seeds
witness: .tmp/procurator/verify/netlock_release_empty_queue_head_bug/20260204-174902-8b57/netlock_release_empty_queue_head_bug.bpl-witness.graphml",Only update head when a dequeue actually happens (empty_slots_before_pop != size_of_queue).,Control-flow guard removal causes a functional pointer update on an empty structure.
netlock_release_empty_slots_overflow_bug,NetLock,implementation,"Capacity invariant: when empty_slots==size, RELEASE must not increment it beyond size (packed reg stays 38654705664).",Single switch sw (host→sw).,"inc_empty_slots_alu uses <= size_of_queue, so when queue already empty it increments empty_slots to size+1.","- Initial slots_two_sides_register[0]=(empty_slots=9,length_in_server=0)
- Inject RELEASE_LOCK for lock 0
- inc_empty_slots_alu sees value.lo==size and still increments it
- Assert fails: packed reg becomes 42949672960 (empty_slots=10)",Procurator/argo/code/dataset/NetLock/switch/p4/ingress.p4:582 uses `value.lo <= ig_md.size_of_queue` before increment.,Empty-slots counter exceeds capacity; queue logic can misroute or violate bounds in later operations.,no,run 20260204-175344-21c4: UNSAFE (witness; 1-step overflow).,"./bin/procurator verify --spec Procurator/argo/code/spec/bench/netlock_release_empty_slots_overflow_bug.prop --wraparound off --max-steps 3 --no-slicing-control-seeds
witness: .tmp/procurator/verify/netlock_release_empty_slots_overflow_bug/20260204-175344-21c4/netlock_release_empty_slots_overflow_bug.bpl-witness.graphml",Use strict `< size_of_queue` (or clamp) when incrementing empty_slots on RELEASE.,Classic off-by-one capacity bug in a packed queue counter; manifests immediately.
p4db_router_ttl_expiry_bug,P4DB,implementation,Router invariant: forwarded IPv4 packets must not have ttl==0 (assert sw_hdr.ipv4.ttl != 0).,Single router sw (host→sw).,"Ingress checks ttl>0 before apply; ipv4_nhop action decrements ttl, so ttl=1 becomes 0 yet packet is forwarded.","- Inject IPv4 packet with ttl=1 and dstAddr matching ipv4_nhop entry
- Ingress passes ttl>0 guard and applies ipv4_nhop
- set_nhop action decrements ttl by 1 ⇒ ttl becomes 0
- Forwarding continues and assert sw_hdr.ipv4.ttl!=0 fails","Procurator/argo/code/dataset/P4DB/tests/router/router.p4:43 checks ttl>0 before apply.
Procurator/argo/code/dataset/P4DB/tests/include/actions.p4:7 decrements ipv4.ttl in set_nhop.","Forwards packets with TTL==0, violating common routing safety and potentially enabling loops.",no,opt 20260204-191616-ffa6: UNSAFE; base 20260204-191118-39d7: UNSAFE.,"./bin/procurator verify --spec Procurator/argo/code/spec/bench/p4db_router_ttl_expiry_bug.prop --wraparound off --max-steps 3
witness: .tmp/procurator/verify/p4db_router_ttl_expiry_bug/20260204-191616-ffa6/p4db_router_ttl_expiry_bug.bpl-witness.graphml","Drop when ttl<=1 before decrement, or re-check ttl after decrement and drop if it becomes 0.","Cross-table side effect: ttl guard is checked pre-decrement, violating a standard router invariant."
p4db_damper_threshold_off_by_one_bug,P4DB,implementation,Damper threshold=1 should clear after first packet: phase==1 ⇒ damper_register[0]==0.,Single router+damper sw (host→sw).,"set_damper reads pre-increment value into odb_metadata.damper; threshold check uses this stale value, so first increment to 1 does not trigger clear.","- Inject first packet with threshold=1 and damper_register[0] initially 0
- set_damper reads odb_metadata.damper=0 and writes damper_register:=1
- Control checks (odb_metadata.damper >= threshold) as 0>=1, so clear_damper not applied
- Assert fails with damper_register[0]=1 at phase==1","Procurator/argo/code/dataset/P4DB/lib/odb.p4:119-122 increments damper_register after reading into odb_metadata.damper.
Procurator/argo/code/dataset/P4DB/lib/odb.p4:143 compares pre-increment odb_metadata.damper to threshold.",Damper triggers one packet late; rate-limiting / dampening semantics off-by-one.,no,opt 20260204-162101-d6b1: UNSAFE; base 20260204-191001-7af6: UNSAFE.,"./bin/procurator verify --spec Procurator/argo/code/spec/bench/p4db_damper_threshold_off_by_one_bug.prop --wraparound off --max-steps 3
witness: .tmp/procurator/verify/p4db_damper_threshold_off_by_one_bug/20260204-162101-d6b1/p4db_damper_threshold_off_by_one_bug.bpl-witness.graphml",Compare against (damper+1) or read the updated register value before the threshold branch.,Pre/post-increment mismatch in a stateful threshold check; tiny bug with clear functional impact.
